File ID,Item title,Date,Author's gender
8.json467 , Letter from Thomas Daly to Kate Allman, 13 November 1922,m
8.json468 , Letter from Kate Allman to Susan Daly, 1 December 1922,f
8.json469 , Letter from Mary Daly to Kate Allman, 25 March 1923,f
8.json470 , Letter from Ellen Daly to Kate Allman, 28 March 1923,f
8.json471 , Letter from Thomas Daly to Ellen Daly, 9 December 1923,m
8.json452 , Letter from Nancy Daly to Charlie Daly, 15 December 1922,f
8.json453 , Letter from Ellen Daly to Susan Daly, 26 January 1923,f
8.json454 , Letter from Ellen Daly to her son Charlie Daly [Cormac Ó Dálaigh], December 1922,f
8.json455 , Letter from S. O'Brien to Ellen Daly, 15 March 1923,f
8.json456 , Letter from A. B. Brown to Ellen Daly, 11 April 1923,?
8.json437 , Letter from May Daly to Susan Daly, 29 January 1923,f
8.json438 , Letter from Liam Daly to May Daly, 7 January 1923,m
8.json439 , Letter from Ellen Daly to Liam Daly, 9 April 1923,f
8.json440 , Letter from Charlie Daly to Cornelius Daly, 25 February 1923,m
8.json441 , Letter from Charlie Daly to Cornelius Daly, 14 March 1923,m
8.json442 ," Letter from Ellen Mary (""Nellie"") Daly to Susan Daly", 26 January 1923,f
8.json443 , Letter from Charlie Daly to Kate Allman, 4 February 1923,m
8.json444 , Letter from Sheila Doogan to Charlie Daly, 8 February 1923,f
8.json430 , Letter from Máire Ní Dhonnghaile to Ellen Daly, 20 June 1923,f
8.json417 , Letter from W.D. Sheehan to Charlie Daly,undated,m
8.json418 , Letter from Charlie Daly to Ellen Daly, 27 June 1922,m
8.json419 , Letter from Ellen Daly to Charlie Daly, 19 December 1922,f
8.json420 , Letter from Charlie Daly to Ellen Daly, 12 February 1923,m
8.json421 , Letter from May Daly to Charlie Day, 14 February 1923,f
8.json422 , Letter from Charlie Daly to May Daly, 21 February 1923,m
8.json423 , Letter from Susan Daly to Charlie Daly, 29 January 1923,f
8.json424 , Letter from Susan O'Flaherty to Charlie Daly, [February 1923],f
8.json425 , Letter from Anna Ní Maolchiaráin to Charlie Daly, 5 December 1922,f
8.json426 , Letter from Charlie Daly, 9 January 1923,m
8.json427 , Letter from Caitlín Ní Aoda to Charlie Daly, 10 February 1923,f
8.json428 , Letter from Seán Lehane to Thomas Daly, 20 November 1923,m
8.json113 , Letter from Willie Daly to Charlie Daly, 21 February 1923,m
8.json114 , Letter from Willie Daly to Susan Daly, 26 January 1923,m
8.json115 , Letter from Mary Daly to Willie Daly,1923.0,f
8.json116 , Letter from Susan Daly to Willie Daly, 9 April 1923,f
8.json106 , Letter from Mary Daly to Thomas Daly, 23 October 1921,f
8.json107 , Letter from Charlie Daly to Willie Daly, 14 March 1923,m
8.json108 , Letter from Willie Daly to Mrs Daly, 12 March 1923,m
8.json109 , Letter from Willie Daly, 8 March 1923,m
8.json110 , Letter from Willie Daly to Charlie Daly, 7 March 1923 ,m
8.json111 , Letter from Willie Daly to Mary Daly, 5 March 1923,m
8.json92 , Letter from M.T. to Thomas Daly, 12 December 1923,?
8.json93 , Letter from M.K. to Thomas Daly, 13 December 1923,?
8.json81 , Letter from Thomas Daly to Mary Daly, 8 November 1923,m
8.json82 , Letter from Thomas Daly to Mary Daly, 5 December 1923,m
8.json83 , Letter from Thomas Daly to Mary Daly, 14 December 1923,m
8.json84 , Letter from Thomas Daly to Mary Daly, 17 December 1923,m
8.json85 , Letter from Thomas Daly to Susan Daly, 12 March 1923 ,m
8.json86 , Letter from Thomas Daly to Susan Daly, 25 May 1923 ,m
8.json87 , Letter from Con Lucy to Thomas Daly, 9 November 1923,m
8.json88 , Letter from Con Lucy to Thomas Daly, 2 December 1923,m
8.json69 , Letter from Thomas Daly to Liam Daly, 9 July 1923,m
8.json70 , Letter from K. Casey to Willie Daly, October 1923,?
8.json71 , Letter from Máire Daly to Liam Daly,1923.0,f
8.json72 , Letter from Thomas Daly to Mary Daly, 23 May 1923,m
8.json73 , Letter from Thomas Daly to Mary Daly, 16 July 1923,m
8.json74 , Letter from Thomas Daly to Mary Daly, 30 July 1923,m
8.json75 , Letter from Thomas Daly to Mary Daly, 28 August 1923,m
8.json76 , Letter from Thomas Daly to Mary Daly, 11 November 1923,m
8.json77 , Letter from Thomas Daly to Mary Daly, 1 December 1923,m
8.json78 , Letter from Thomas Daly to Mary Daly, 1 December 1923,m
8.json52 , Letter from Nora Ring to Susan Daly, March 1923,f
8.json53 , Letter from Nora Ring to Susan Daly, 9 November 1923,f
8.json54 , Letter from Róise Ní Dhómhnaill to Charlie Daly, December 1922,f
8.json55 , Letter from Róise Ní Dómnaill to Charlie Daly [January 1923],,f
8.json56 , Letter from Róise Ní Dómnaill to Charlie Daly, 17 February 1923,f
8.json57 , Letter from Róise Ní Dómnaill to Charlie Daly, [February/March 1923],f
8.json58 , Letter from Brigid McCarron to Ellen Daly [March 1923],,f
8.json59 , Letter from Brigid McCarron to one of Mrs Daly's children [1923],,f
8.json60 , Letter from Rose O'Donnell to Ellen Daly [1923],,f
8.json61 , Letters from Kathleen Durcan to Willie Daly, 19 March 1923,f
8.json62 , Letter from Kathleen Durcan to May Daly, 23 March 1923 ,f
8.json63 , Letter from Nora O'Sullivan to Ellen Daly, 4 April 1923,f
8.json64 , Letter from Charles McGinley to Ellen Daly, 15 May 1923,m
8.json65 , Letter from Charles McGinley to Ellen Daly, 13 June 1923,m
8.json66 , Letter from Liam Daly to Susan Daly, Sunday 21st 1923  ,m
8.json67 , Letter from Thomas Daly to Liam Daly, 19 June 1923,m
8.json47 , Letter from Charlie Daly to Sinéad Ring, 1 February 1923,m
8.json39 , Letter from Ua Cuinneagain to Mrs Ellen. Daly, 10 August 1923,m
7.json368 , Letter from Susan Daly to Ellen Daly, [March 1923],f
7.json369 , Letter from Susan Daly to Ellen Daly, 21 March 1923,f
7.json370 , Letter from Ellen Daly to Susan Daly, 25 March 1923,f
7.json371 , Letter from Susan Daly to Ellen Daly, 27 March 1923,f
7.json372 , Letter from Susan Daly to Ellen Daly, 8 April 1923,f
7.json373 , Letter from Ellen Daly to Susan Daly, 24 April 1923,f
7.json374 , Letter from Ellen Daly to Susan Daly, 8 May 1923,f
7.json375 , Letter from Susan Daly to May Daly, 15 March 1923,f
7.json376 , Letter from Susan Daly to May Daly, 12 April 1923,f
7.json377 , Letter from H. Malone to Susan Daly, 30 October 1922,?
7.json378 , Letter from A.B. Browne to Susan Daly, 25 January 1923,?
7.json379 , Letter from Kathleen to Susan Daly, 1 April 1923,f
7.json380 , Letter from Susan Daly, 6 April 1923,f
7.json381 , Letter from M Corkery to Susan Daly, 29 April 1923,?
7.json382 , Letter from Minnie Daly to Susan Daly, 25 May 1923,f
7.json383 , Letter from Jer Hannifin to Susan Daly, 30 September 1923,m
7.json384 , Letter from Liam Daly to Susan Daly, 26 January 1923,m
7.json385 , Letter from Liam Daly to Charlie Daly, 21 February 1923,m
7.json386 , Letter from Liam Daly to May Daly, 5 March 1923,m
7.json387 , Letter from Liam Daly to Charlie Daly, 7 March 1923,m
7.json388 , Letter from Liam Daly, 8 March 1923,m
7.json389 , Letter from Liam Daly to Ellen Daly, 12 March 1923,m
7.json390 , Letter from Charlie Daly to Liam Daly, 14 March 1923,m
7.json391 , Letter from Susan Daly to Liam Daly, [March 1923],f
7.json392 , Letter from Liam Daly to Susan Daly, 21 April 1923,m
7.json393 , Letter from Thomas Daly to Liam Daly, 19 June 1923,m
7.json394 , Letter from Thomas Daly to Liam Daly, 9 July 1923,m
7.json395 , Letter from K. Casey to Liam Daly, [October 1923],?
7.json396 , Letter from May Daly to Liam Daly, 6 April 1923,f
7.json397 , Letter from Arthur Cox and Company Solicitors to Cornelius Daly, [1921],m
7.json398 , Letter from Henry Kennedy to Cornelius Daly, 29 November 1921,m
7.json399 , Letter from Cornelius Daly to C.I. Francis, [November 1923],m
7.json400 , Letter from Charlie Daly to Cornelius Daly, 8 December 1922,m
7.json401 , Letter from Cornelius Daly to Charlie Daly, 19 February 1923,m
7.json402 , Letter from James J. Donaghy to Cornelius Daly, 15 March 1923,m
7.json403 , Letter from Thomas and Ellen Leonard to Cornelius Daly, 15 March 1923,m
7.json404 , Letter from Rev. J O'Flynn to Cornelius Daly, 15 March 1923,m
7.json405 , Letter from R.E. Shanahan to Cornelius Daly, 16 March 1923,m
7.json406 , Letter from Thomas Donoghue to Cornelius Daly, 18 March 1923,m
7.json407 , Letter from M Buckley to Cornelius Daly, 19 March 1923,m
7.json408 , Letter from David Fitzgerald to Cornelius Daly, 19 April 1923,m
7.json409 , Letter from Cornelius Daly to Liam Daly, 15 June 1923,m
7.json410 , Letter from Nancy Daly to Charlie Daly, 15 December 1922,f
7.json411 , Letter from Ellen Jnr Daly to Charlie Daly, [December 1922],f
7.json412 , Letter from S O'Brien to Ellen Jnr Daly, 15 March 1923,f
7.json413 , Letter from A.B. Browne to Ellen Jnr Daly, 11 April 1923,?
7.json414 , Letter from Charlie Daly to Katherine Allman, 20 July 1922,m
7.json415 , Letter from Charlie Daly to Kate Allman, [1922],m
7.json416 , Letter from Charlie Daly to Kate Allman, 30 October 1922 ,m
7.json417 , Letter from Charlie Daly to Kate Allman, 6 November 1922,m
7.json418 , Letter from Kate Allman to Charlie Daly, 9 November 1922,f
7.json419 , Letter from Kate Allman to Charlie Daly, 13 November 1922,f
7.json420 , Letter from Charlie Daly to Kate Allman, 21 November 1922,m
7.json421 , Letter from Charlie Daly to Kate Allman, 22 December 1922,m
7.json422 , Letter from Charlie Daly to Kate Allman, 13 February 1923,m
7.json423 , Letter from Kate Allman to Ellen Daly, 9 February 1923,f
7.json424 , Letter from Kate Allman to Ellen Daly, 17 March 1923,f
7.json425 , Letter from Kate Allman to May Daly, 15 April 1923,f
7.json426 , Letter from Kate Allman to May Daly, 6 June 1923,f
7.json427 , Letter from Sheila Doogan to Charlie Daly, 4 December 1922,f
7.json428 , Letter from Sheila Doogan to Charlie Daly, 21 December 1922,f
7.json429 , Christmas Card from Sheila Doogan to Charlie Daly, [December 1922],f
7.json430 , Letter from Sheila Doogan to Charlie Daly, 2 January 1923,f
7.json431 , Letter from Sheila Doogan to Charlie Daly, [February 1923],f
7.json432 , Card from Leo Whelan to Charlie Daly, 22 December 1922 ,m
7.json433 , Letter from Leo Whelan to Charlie Daly, 2 January 1923,m
7.json434 , Letter from Lily Whelan to Charlie Daly, 16 February 1923,f
7.json435 , Letter from Elizabeth Whelan to Ellen Daly, [March 1923],f
7.json436 , Letter from Elizabeth Whelan to Ellen Daly, 27 March 1923,f
7.json437 , Letter from Elizabeth Whelan to Ellen Daly, 27 June 1923,f
7.json329 , Letter from Joe to May Daly, 19 August 1923,m
7.json330 , Letter from Nora to May Daly, 8 October 1923,f
7.json331 , Letter from M. MacMahon to May Daly, 4 December 1923,?
7.json291 , Letter from Mollie to Ellen Daly, 4 April 1923,f
7.json292 , Letter from Denis Mahony to Ellen Daly, [1923],m
7.json293 , Telegraph from W.G. Kelly Senior to the Daly Family, 15 March 1923,m
7.json294 , Telegraph from Maggie to the Ellen Daly, 15 March 1923,f
7.json295 , Letter from Sheila Hartnett to Ellen Daly, 16 March 1923,f
7.json296 , Letter from Sheila Nagle to Ellen Daly, 16 March 1923,f
7.json297 , Letter from Madge Rodgers to Ellen Daly, 17 March 1923,f
7.json298 , Letter from Jennie Gallivan to Ellen Daly, 19 March 1923,f
7.json299 , Letter from Bridget Hannigan to Ellen Daly, 28 March 1923,f
7.json300 , Letter from Hugh McLean to Ellen Daly, 29 March 1923,m
7.json301 , Letter from Domhnall MacEarraig to Ellen Daly, 1 April 1923,m
7.json303 , Letter from Michael Blake to Ellen Daly, 2 April 1923,m
7.json305 , Letter from E. O'Sullivan to Ellen Daly, 6 April 1923,m
7.json307 , Letter from Maggie Larkin to Ellen Daly, 1 July 1923,f
7.json309 , Letter from Anne O'Flanagan to Ellen Daly, 8 September 1923,f
7.json310 , Letter from Colm O'Neill to Ellen Daly, 26 November 1923,m
7.json312 , Letter from Mollie O'Connor to May Daly, 9 December 1922,f
7.json314 , Letter from Patrick O'Connor to May Daly, 21 January 1923,m
7.json316 , Letter from D. Ua C. to May Daly, [February 1923],m
7.json317 , Letter from Kathleen to May Daly, 17 April 1923,f
7.json318 , Letter from Amy to May Daly, 15 March 1923,f
7.json320 , Letter from John Gallagher to May Daly, 7 May 1923,m
7.json147 , Postcard from Charlie Daly to May Daly,undated,m
7.json148 , Letter from Lord Wimborne to Charlie Daly, 28 October 1915,m
7.json149 , Letter from Lord Wimborne to Charlie Daly, 27 November 1915,m
7.json150 , Letter from Austin Stack and Darrell Figgis to Charlie Daly, 1 January 1918,m
7.json151 , Letter from S. Ua Núnáin to Charlie Daly, 12 June 1918,m
7.json152 , Letter from S. Ua Núnáin to Charlie Daly, 24 May 1918,m
7.json153 , Letter from Director of Organisation to Thomas Daly, 12 November 1920,m
7.json154 , Letter from Charlie Daly to 'Dick', [1920],m
7.json155 , Envelope from S. Ua Núnáin to Charlie Daly, [June 1918],m
7.json156 , Letter from Charlie Daly, [January 1920],m
7.json157 , Letter from Charlie Daly, 13 January 1920,m
7.json158 , Letter from Charlie Daly, 31 January 1920,m
7.json159 , Letter from Charlie Daly, 1 February 1920,m
7.json160 , Letter from Charlie Daly, 21 March 1920,m
7.json161 , Letter from Charlie Daly, [March 1920],m
7.json162 , Letter from Charlie Daly, 7 May 1920,m
7.json163 , Letter from Charlie Daly, 7 June 1920,m
7.json164 , Letter from Charlie Daly to Ellen Daly, [September 1921],m
7.json165 , Letter from Charlie Daly to Ellen Daly, 31 October 1921,m
7.json166 , Letter from Charlie Daly to Ellen Daly, 9 November 1921,m
7.json167 , Letter from Charlie Daly to Ellen Daly, 3 December 1921,m
7.json168 , Letter from Charlie Daly to Ellen Daly, 19 December 1921,m
7.json169 , Letter from Charlie Daly to Ellen Daly, 20 December 1921,m
7.json170 , Letter from Charlie Daly to Ellen Daly, 28 January 1922,m
7.json171 , Letter from Charlie Daly to Ellen Daly, 20 March 1922,m
7.json172 , Letter from Charlie Daly to Ellen Daly, 28 March 1922,m
7.json173 , Letter from Charlie Daly to Ellen Daly, [1922],m
7.json174 , Letter from Charlie Daly to Ellen Daly, 27 June 1922,m
7.json175 , Letter from Charlie Daly to Ellen Daly, [1922],m
7.json176 , Letter from Charlie Daly to Ellen Daly, 30 June 1922,m
7.json177 , Letter from Charlie Daly to Ellen Daly, 13 September 1922,m
7.json178 , Letter from Charlie Daly to Ellen Daly, 4 September 1922,m
7.json179 , Letter from Ellen Daly to Charlie Daly, 16 November 1922,m
7.json180 , Letter from Charlie Daly to Ellen Daly, 19 November 1922,m
7.json181 , Letter from Charlie Daly to Ellen Daly, 24 November 1922,m
7.json182 , Letter from Charlie Daly to Ellen Daly, 30 November 1922,m
7.json183 , Letter from Charlie Daly to Ellen Daly, 8 December 1922,m
7.json184 , Letter from Charlie Daly to Ellen Daly, 17 December 1922,m
7.json185 , Letter from Ellen Daly to Charlie Daly, 25 December 1922,f
7.json186 , Letter from Charlie Daly to Ellen Daly, 26 December 1922,m
7.json187 , Letter from Charlie Daly to Ellen Daly, 27 December 1922,m
7.json188 , Letter from Charlie Daly to Ellen Daly, 1 January 1923,m
7.json189 , Letter from Ellen Daly to Charlie Daly, 7 January 1923,f
7.json190 , Letter from Charlie Daly from Ellen Daly, 11 January 1923,m
7.json191 , Letter from Ellen Daly to Charlie Daly, 15 January 1923,f
7.json192 , Letter from Charlie Daly to Ellen Daly, 26 January 1923,m
7.json193 , Letter from Ellen Daly to Charlie Daly, 4 February 1923,f
7.json194 , Letter from Ellen Daly to Charlie Daly, 11 February 1923,f
7.json195 , Letter from Charlie Daly to Ellen Daly, 18 February 1923,m
7.json196 , Letter from Ellen Daly to Charlie Daly, 21 February 1923,f
7.json197 , Letter from Charlie Daly to Ellen Daly, [February 1923],m
7.json198 , Letter Charlie Daly to Ellen Daly, 27 February 1923,m
7.json199 , Letter from Charlie Daly to Ellen Daly, 14 March 1923,m
7.json200 , Letter from Charlie Daly to May Daly, 28 October 1921,m
7.json201 , Letter from May Daly to Charlie Daly, 10 January 1923,f
7.json202 , Letter Charlie Daly to May Daly, 16 January 1923,m
7.json203 , Letter from May Daly to Charlie Daly, 24 January 1923,f
7.json204 , Letter from Charlie Daly to May Daly, 2 February 1923,m
7.json205 , Letter from Charlie Daly to May Daly, 24 February 1923,m
7.json206 , Letter from May Daly to Charlie Daly, 26 February 1923,f
7.json207 , Letter from Charlie Daly to May Daly, 3 March 1923,m
7.json208 , Letter from Charlie Daly to May Daly, 3 March 1923,m
7.json209 , Letter from Charlie Daly to May Daly, 5 March 1923,m
7.json210 , Letter from Charlie Daly to Susan Daly, 30 November 1922,m
7.json211 , Letter from Susan Daly to Charlie Daly, 8 December 1922,f
7.json212 , Letter from Susan Daly to Charlie Daly, [December 1922],f
7.json213 , Letter from Susan Daly to Charlie Daly, [December 1922],f
7.json214 , Letter from Susan Daly to Charlie Daly, 18 December 1922,f
7.json215 , Letter from Susan Daly to Charlie Daly, 14 February 1923,f
7.json216 , Letter from Susan Daly to Charlie Daly, 5 February 1923,f
7.json217 , Letter from Susan Daly to Charlie Daly, [February 1923],f
7.json218 , Letter from Charlie Daly to Susan Daly, 14 March 1923,m
7.json219 , Letter from Director of Organisation to Charlie Daly, 24 June 1921,m
7.json220 , Letter from Cathal Brugha (Minister of Defence) to Charlie Daly, 17 November 1921,m
7.json221 , Letter from Charlie Daly to Cathal Brugha (Minister of Defence), 17 November 1921,m
7.json222 , Letter from Charlie Daly to Patrick Lynch (IRA Liaison Officer), 12 November 1921,m
7.json223 , Letter from Seán Ó Coráig to IRA Liaison Officer, 18 November 1921,m
7.json224 , Letter on behalf of Chief of Staff to All Divisional Commandants, 30 November 1921,m
7.json225 , Letter from Susan O'Flaherty to Charlie Daly, 2 February 1923,f
7.json226 , Christmas Card from Cis Doherty to Charlie Daly, [December 1922],f
7.json227 , Letter from Cis Doherty to Charlie Daly, 16 February 1923,f
7.json228 , Letter from Cis Doherty to Charlie Daly, 1 March 1923,f
7.json229 , Letter from H. McGrath to Charlie Daly, 4 February 1923,f
7.json230 , Letter from H.McGrath to Charlie Daly, 21 February 1923,f
7.json231 , Letter from Rita Murphy to Charlie Daly, 25 January 1923,f
7.json232 , Letter from Rita Murphy to Charlie Daly, 19 February 1923,f
7.json233 , Letter from Charlie Daly to Liam, [February 1923],m
7.json234 , Letter from Charlie Daly to Liam, 14 March 1923,m
7.json235 , Letter from Anna Ní Maolchiaráin to Charlie Daly, [1922],f
7.json236 , Letter from Charlie Daly, [1922],m
7.json237 , Letter from Charlie Daly to C., 13 July 1922,m
7.json238 , Letter from Mick Leary to Charlie Daly, 1 December 1922,m
7.json239 , Letter from Lily Gerard to Charlie Daly, 17 December 1922,m
7.json240 , Letter from Nellie McGrath to Charlie Daly, 20 December 1922,f
7.json241 , Letter from Madge Boner to Charlie Daly, 20 December 1922,f
7.json242 , Christmas card from Mary McFadden to Charlie Daly, [December 1922] ,f
7.json243 , Letter from Mick Timoney to Charlie Daly,undated,m
7.json244 , Letter from L. Breaney to Charlie Daly, [January 1923],?
7.json245 , Letter from Judy to Charlie Daly, 10 January 1923,f
7.json246 , Letter from D.V. to Charlie Daly, 10 January 1923,?
7.json247 , Letter from Peadar O'Dóimhín to Charlie Daly, 17 January 1923,m
7.json248 , Letter from Charlie Daly to Seán, 21 January 1923,m
7.json249 , Letter from Dómnall Ua Cathail to Charlie Daly, 20 January 1923,m
7.json250 , Letter from Ellen Daly to Charlie Daly, 21 January 1923,f
7.json251 , Letter from Sheila to Charlie Daly, 28 January 1923,f
7.json252 , Letter from Lily to Charlie Daly, 24 January 1923,f
7.json253 , Letter from Rosín Ní Ceallaig to Charlie Daly, 6 February 1923,f
7.json254 , Letter from Jamie to Charlie Daly, 9 February 1923,m
7.json255 , Letter from Con Sullivan to Charlie Daly, 15 February 1923,m
7.json256 , Letter from Bessie Harrington to Charlie Daly, 20 February 1923,f
7.json257 , Letter from Domhnall to Charlie Daly, 22 February 1923,m
7.json258 , Letter from David Fitzgerald to Charlie Daly, 26 February 1923,m
7.json259 , Letter from S.O. Gallagher to Charlie Daly, 26 February 1923,m
7.json260 , Letter from Neil Freant to Charlie Daly, 8 March 1923,m
7.json261 , Letter from Thomas Daly to the Editor, 20 September 1923,m
7.json262 , Letter from Thomas Daly to 'Midge', 15 October 1923,m
7.json263 , Letter from Thomas Daly to Mrs Browne, 28 November 1923,m
7.json264 , Letter from Thomas Daly, [1923],m
7.json265 , Letter from Nora O'Sullivan to Ellen Daly, 4 April 1923,f
7.json266 , Letter from Mrs MacFeely to Ellen Daly, 5 April 1923,f
7.json267 , Letter from Mrs MacFeely to Ellen Daly, 23 April 1923,f
7.json268 , Letter from Mrs MacFeely to Ellen Daly, 19 June 1923,f
7.json269 , Letter from Charles McGinley to Ellen Daly, 15 May 1923,m
7.json270 , Letter from Charles McGinley to Ellen Daly, 13 June 1923,m
7.json271 , Letter from Mary Kelly to Ellen Daly, 26 November 1923,f
7.json272 , Letter from Mary Kelly to Ellen Daly, 19 December 1923,f
7.json273 , Letter from Susan O'Flaherty to Ellen Daly, 26 April 1923,f
7.json274 , Letter from Susan O'Flaherty to Ellen Daly, 11 June 1923,f
